{"cameraMode":{"drawMode":0,"name":"Shaded","section":"Shading Mode"},"sceneLighting":true,"audioPlay":false,"sceneViewState":{"m_AlwaysRefresh":false,"showFog":true,"showSkybox":true,"showFlares":true,"showImageEffects":true,"showParticleSystems":true,"showVisualEffectGraphs":true,"m_FxEnabled":true},"in2DMode":false,"pivot":{"x":-6.292919635772705,"y":4.202523708343506,"z":-8.596197128295899},"rotation":{"x":-0.11165899783372879,"y":-0.015671925619244577,"z":-0.0017600279534235597,"w":0.993628203868866},"size":2.3677515983581545,"orthographic":false}