{"cameraMode":{"drawMode":0,"name":"Shaded","section":"Shading Mode"},"sceneLighting":false,"audioPlay":false,"sceneViewState":{"m_AlwaysRefresh":false,"showFog":false,"showSkybox":false,"showFlares":false,"showImageEffects":false,"showParticleSystems":false,"showVisualEffectGraphs":true,"m_FxEnabled":true},"in2DMode":false,"pivot":{"x":-0.10809934884309769,"y":1.3379287719726563,"z":-0.00863027572631836},"rotation":{"x":0.07252251356840134,"y":-0.017800966277718545,"z":0.00129563151858747,"w":0.9972144961357117},"size":2.349763870239258,"orthographic":false}